Workbook
Name Calendar: DaysAndWeeks
Name CalendarYear: 'Calculator onderhoud'!$A$1
Name CalendarYear: 'Calculator vetverlies'!$A$1
Name DateToday: 'Calculator onderhoud'!$I$2
Name DateToday: 'Calculator vetverlies'!$I$2
Name DaysAndWeeks: {0,1,2,3,4,5,6,7,8,9,10,11,12,13,14,15,16,17,18,19,20,21,22,23,24,25,26,27,28,29,30,31}
Name ImportantDates: 'Calculator onderhoud'!$A$5:$A$49
Name ImportantDates: 'Calculator vetverlies'!$A$5:$A$49

Sheet Calculator vetverlies
I2: MACRONUTRIËNT CALCULATOR
A4: DROOG TRAINEN PROTOCOL | H4: Stap 1. Vul je gegevens in
H5: Vul je gewicht in: (kg)
B6: Instructies: | H6: Vul je lengte in: (cm)
B7: Stap 1 Vul je gegevens in in de 4 gele boxen | H7: Vul je leeftijd in:
H8: Vul je activiteit level in:
H10: Stap 2. Dagelijkse Calorie Behoefte
H11: BMR: | I11: =(10*I5)+(6.25*I6)-(5*I7)+5 -> 5
H12: Dagelijkse Calorie Behoefte: | I12: =I8*I11 -> 0
H14: Stap 3. Je Calorie Tekort Bepalen
H15: Calorie Tekort: | I15: =I12*0.2 -> 0
H16: Nieuw Calorie Doel Voor Vetverlies: | I16: =I12-I15 -> 0
H18: Stap 4. Calorieën Lage Koolhydraat Dag
H19: Calorie Doel Voor Lage Koolhydraat Dag: | I19: =I16 -> 0
H21: Stap 5. Calorieën Hoge Koolhydraat Dag
H22: Calorie Doel Voor Hoge Koolhydraat Dag: | I22: =I12*0.9 -> 0
H24: Lage Koolhydraat Dag | M24: Hoge Koolhydraat Dag
H25: Macro Verdeling: | I25: (%) | J25: Calorieën | K25: Gram | M25: Macro Verdeling: | N25: (%) | O25: Calorieën | P25: Gram
H26: Vet | I26: 25 | J26: =I19*0.25 -> 0 | K26: =J26/9 -> 0 | M26: Vet | N26: 20 | O26: =I22*0.2 -> 0 | P26: =O26/9 -> 0
H27: Koolhydraten | I27: 40 | J27: =I19*0.4 -> 0 | K27: =J27/4 -> 0 | M27: Koolhydraten | N27: 50 | O27: =I22*0.5 -> 0 | P27: =O27/4 -> 0
H28: Proteïne | I28: 35 | J28: =I19*0.35 -> 0 | K28: =J28/4 -> 0 | M28: Proteïne | N28: 30 | O28: =I22*0.3 -> 0 | P28: =O28/4 -> 0
H29: Totale Calorieën | J29: =J28+J27+J26 -> 0 | M29: Totale Calorieën | O29: =O28+O27+O26 -> 0
H31: Stap 6. Samenvatting
H32: Dagelijkse Benodigde Macronutriënten | I32: Vet | J32: Koolh. | K32: Proteïne | L32: Calorieën
H33: Lage Koolhydraat Dag | I33: =K26 -> 0 | J33: =K27 -> 0 | K33: =K28 -> 0 | L33: =J29 -> 0
H34: Hoge Koolhydraat Dag | I34: =P26 -> 0 | J34: =P27 -> 0 | K34: =P28 -> 0 | L34: =O29 -> 0

Sheet Dagelijks gewicht
A1: Dagelijks gewicht | B1: Week 1 | C1: Week 2 | D1: Week 3 | E1: Week 4 | F1: Week 5 | G1: Week 6 | H1: Week 7 | I1: Week 8 | J1: Week 9 | K1: Week 10 | L1: Week 11 | M1: Week 12 | N1: Week 13 | O1: Week 14 | P1: Week 15 | Q1: Week 16
A2: Maandag
A3: Dinsdag
A4: Woensdag
A5: Donderdag
A6: Vrijdag
A7: Zaterdag
A8: Zondag
A9: GEMIDDELD | B9: =AVERAGE(B2:B8) -> #DIV/0! | C9: =AVERAGE(C2:C8) -> #DIV/0! | D9: =AVERAGE(D2:D8) -> #DIV/0! | E9: =AVERAGE(E2:E8) -> #DIV/0! | F9: =AVERAGE(F2:F8) -> #DIV/0! | G9: =AVERAGE(G2:G8) -> #DIV/0! | H9: =AVERAGE(H2:H8) -> #DIV/0! | I9: =AVERAGE(I2:I8) -> #DIV/0! | ... Q9: =AVERAGE(Q2:Q8) -> #DIV/0!

Sheet Progressie Tabel
A1: DTA Progressie Tabel | B1: Voorbeeld Data | C1: Start (vul hier je startwaarden in) | D1: Week 1 | E1: Week 2 | F1: Week 3 | G1: Week 4 (Beoordel je progressie) | H1: Week 5 | I1: Week 6 | J1: Week 7 | K1: Week 8 | L1: Week 9 | M1: Week 10 | N1: Week 11 | O1: Week 12 | P1: Week 13 | Q1: Week 14 | R1: Week 15 | S1: Week 16
A2: Gewicht | B2: 85.5 | C2: ='Calculator vetverlies'!I5 -> 0 | D2: ='Dagelijks gewicht'!B9 -> #DIV/0! | E2: ='Dagelijks gewicht'!C9 -> #DIV/0! | F2: ='Dagelijks gewicht'!D9 -> #DIV/0! | G2: ='Dagelijks gewicht'!E9 -> #DIV/0! | H2: ='Dagelijks gewicht'!F9 -> #DIV/0! | I2: ='Dagelijks gewicht'!G9 -> #DIV/0! | J2: ='Dagelijks gewicht'!H9 -> #DIV/0! | K2: ='Dagelijks gewicht'!I9 -> #DIV/0! | ... S2: ='Dagelijks gewicht'!Q9 -> #DIV/0!
A3: Borst | B3: 99.1
A4: R arm | B4: 39.2
A5: L arm | B5: 39.2
A6: 6 cm boven navel | B6: 84.9
A7: Navelhoogte | B7: 88.1
A8: 6 cm onder navel | B8: 84.6
A9: Heupen | B9: 90.3
A10: R bovenbeen | B10: 64.4
A11: L bovenbeen | B11: 63.1
A12: R kuit | B12: 42.5
A13: L kuit | B13: 41.8
A15: Lengte | B15: 186 | C15: ='Calculator vetverlies'!$I$6 -> 0 | D15: ='Calculator vetverlies'!$I$6 -> 0 | E15: ='Calculator vetverlies'!$I$6 -> 0 | F15: ='Calculator vetverlies'!$I$6 -> 0 | G15: ='Calculator vetverlies'!$I$6 -> 0 | H15: ='Calculator vetverlies'!$I$6 -> 0 | I15: ='Calculator vetverlies'!$I$6 -> 0 | J15: ='Calculator vetverlies'!$I$6 -> 0 | ... S15: ='Calculator vetverlies'!$I$6 -> 0
A16: Leeftijd | B16: 41 | C16: ='Calculator vetverlies'!$I$7 -> 0 | D16: ='Calculator vetverlies'!$I$7 -> 0 | E16: ='Calculator vetverlies'!$I$7 -> 0 | F16: ='Calculator vetverlies'!$I$7 -> 0 | G16: ='Calculator vetverlies'!$I$7 -> 0 | H16: ='Calculator vetverlies'!$I$7 -> 0 | I16: ='Calculator vetverlies'!$I$7 -> 0 | J16: ='Calculator vetverlies'!$I$7 -> 0 | ... S16: ='Calculator vetverlies'!$I$7 -> 0
A17: Macros hoog | B17: V/K/P
A18: Macros laag | B18: V/K/P
A19: Macro volharding | B19: 6 | C19: Selecteer | D19: Selecteer | E19: Selecteer | F19: Selecteer | G19: Selecteer | H19: Selecteer | I19: Selecteer | J19: Selecteer | K19: Selecteer | L19: Selecteer | M19: Selecteer | N19: Selecteer | O19: Selecteer | P19: Selecteer | Q19: Selecteer | R19: Selecteer | S19: Selecteer
A20: Training volharding | B20: 1
A21: Slaap? (0-5) | B21: 1 | C21: Selecteer | D21: Selecteer | E21: Selecteer | F21: Selecteer | G21: Selecteer | H21: Selecteer | I21: Selecteer | J21: Selecteer | K21: Selecteer | L21: Selecteer | M21: Selecteer | N21: Selecteer | O21: Selecteer | P21: Selecteer | Q21: Selecteer | R21: Selecteer | S21: Selecteer
A22: Stress? (0-5) | B22: 0 | C22: Selecteer | D22: Selecteer | E22: Selecteer | F22: Selecteer | G22: Selecteer | H22: Selecteer | I22: Selecteer | J22: Selecteer | K22: Selecteer | L22: Selecteer | M22: Selecteer | N22: Selecteer | O22: Selecteer | P22: Selecteer | Q22: Selecteer | R22: Selecteer | S22: Selecteer
A23: Honger? (0-5) | B23: 1 | C23: Selecteer | D23: Selecteer | E23: Selecteer | F23: Selecteer | G23: Selecteer | H23: Selecteer | I23: Selecteer | J23: Selecteer | K23: Selecteer | L23: Selecteer | M23: Selecteer | N23: Selecteer | O23: Selecteer | P23: Selecteer | Q23: Selecteer | R23: Selecteer | S23: Selecteer
A24: Vermoeidheid? (0-5) | B24: 1 | C24: Selecteer | D24: Selecteer | E24: Selecteer | F24: Selecteer | G24: Selecteer | H24: Selecteer | I24: Selecteer | J24: Selecteer | K24: Selecteer | L24: Selecteer | M24: Selecteer | N24: Selecteer | O24: Selecteer | P24: Selecteer | Q24: Selecteer | R24: Selecteer | S24: Selecteer
A26: Doel | B26: 0,5kg/wk
A27: Cardio | B27: Geen
C28: Maak Start Foto's | D28: Foto's | E28: Foto's | F28: Foto's | G28: Foto's | H28: Foto's | I28: Foto's | J28: Foto's | K28: Foto's | L28: Foto's | M28: Foto's | N28: Foto's | O28: Foto's | P28: Foto's | Q28: Foto's | R28: Foto's | S28: Foto's
A29: Totaal gemeten centimeters | C29: =SUM(C3:C13) -> 0 | D29: =SUM(D3:D13) -> 0 | E29: =SUM(E3:E13) -> 0 | F29: =SUM(F3:F13) -> 0 | G29: =SUM(G3:G13) -> 0 | H29: =SUM(H3:H13) -> 0 | I29: =SUM(I3:I13) -> 0 | J29: =SUM(J3:J13) -> 0 | ... S29: =SUM(S3:S13) -> 0
A30: Verschil t.o.v. week eerder | D30: =D29-C29 -> 0 | E30: =E29-D29 -> 0 | F30: =F29-E29 -> 0 | G30: =G29-F29 -> 0 | H30: =H29-G29 -> 0 | I30: =I29-H29 -> 0 | J30: =J29-I29 -> 0 | K30: =K29-J29 -> 0 | ... S30: =S29-R29 -> 0
A31: Totaal verloren CM's na 8 & 16 weken | K31: =(SUM(K3:K13))-(SUM(C3:C13)) -> 0 | S31: =(SUM(S3:S13))-(SUM(C3:C13)) -> 0

Sheet Calculator onderhoud
I2: MACRONUTRIËNT CALCULATOR
A4: DROOG TRAINEN PROTOCOL | H4: Stap 1. Vul je gegevens in
H5: Vul je gewicht in: (kg)
B6: Instructies: | H6: Vul je lengte in: (cm)
B7: Stap 1 Vul je gegevens in in de 4 gele boxen | H7: Vul je leeftijd in:
H8: Vul je activiteit level in:
H10: Stap 2. Dagelijkse Calorie Behoefte (Onderhoudscalorieën Startpunt)
H11: BMR: | I11: =(10*I5)+(6.25*I6)-(5*I7)+5 -> 5
H12: Dagelijkse Calorie Behoefte: | I12: =I8*I11-100 -> -100
H14: Stap 3. Je Macroverdeling Onderhoud
H15: Macro Verdeling: | I15: Calorieën | J15: Gram
H16: Vetten | I16: =J16*9 -> 0 | J16: =I5*1 -> 0
H17: Koolhydraten | I17: =I12-I16-I18 -> -100 | J17: =I17/4 -> -25
H18: Proteïne | I18: =J18*4 -> 0 | J18: =I5*1.8 -> 0
H19: Totale Calorieën | I19: =I16+I17+I18 -> -100
H21: Stap 4. Samenvatting
H22: Calorieën en Macro's (7 dagen per week) | I22: Vet | J22: Koolh. | K22: Proteïne | L22: Calorieën
I23: =J16 -> 0 | J23: =J17 -> -25 | K23: =J18 -> 0 | L23: =I19 -> -100

Sheet Training Data
A1: Dag 1 | E1: Sets*reps/gewicht/rust (sec) | F1: Notitie (RIR/etc) | G1: Sets*reps/gewicht/rust (sec) | H1: Notitie (RIR/etc) | I1: Sets*reps/gewicht/rust (sec) | J1: Notitie (RIR/etc) | K1: Sets*reps/gewicht/rust (sec) | L1: Notitie (RIR/etc) | M1: Sets*reps/gewicht/rust (sec) | N1: Notitie (RIR/etc) | O1: Sets*reps/gewicht/rust (sec) | P1: Notitie (RIR/etc) | Q1: Sets*reps/gewicht/rust (sec) | R1: Notitie (RIR/etc) | S1: Sets*reps/gewicht/rust (sec) | T1: Notitie (RIR/etc)
B2: Oefening | C2: Rep target (of %RM) | D2: Rust target (sec) | E2: Week 1 | F2: Week 1 | G2: Week 2 | H2: Week 2 | I2: Week 3 | J2: Week 3 | K2: Week 4 | L2: Week 4 | M2: Week 5 | N2: Week 5 | O2: Week 6 | P2: Week 6 | Q2: Week 7 | R2: Week 7 | S2: Week 8 | T2: Week 8
A10: Dag 2 | E10: Sets*reps/gewicht/rust (sec) | F10: Notitie (RIR/etc) | G10: Sets*reps/gewicht/rust (sec) | H10: Notitie (RIR/etc) | I10: Sets*reps/gewicht/rust (sec) | J10: Notitie (RIR/etc) | K10: Sets*reps/gewicht/rust (sec) | L10: Notitie (RIR/etc) | M10: Sets*reps/gewicht/rust (sec) | N10: Notitie (RIR/etc) | O10: Sets*reps/gewicht/rust (sec) | P10: Notitie (RIR/etc) | Q10: Sets*reps/gewicht/rust (sec) | R10: Notitie (RIR/etc) | S10: Sets*reps/gewicht/rust (sec) | T10: Notitie (RIR/etc)
B11: Oefening | C11: Rep target (of %RM) | D11: Rust target (sec) | E11: Week 1 | F11: Week 1 | G11: Week 2 | H11: Week 2 | I11: Week 3 | J11: Week 3 | K11: Week 4 | L11: Week 4 | M11: Week 5 | N11: Week 5 | O11: Week 6 | P11: Week 6 | Q11: Week 7 | R11: Week 7 | S11: Week 8 | T11: Week 8
A19: Dag 3 | E19: Sets*reps/gewicht/rust (sec) | F19: Notitie (RIR/etc) | G19: Sets*reps/gewicht/rust (sec) | H19: Notitie (RIR/etc) | I19: Sets*reps/gewicht/rust (sec) | J19: Notitie (RIR/etc) | K19: Sets*reps/gewicht/rust (sec) | L19: Notitie (RIR/etc) | M19: Sets*reps/gewicht/rust (sec) | N19: Notitie (RIR/etc) | O19: Sets*reps/gewicht/rust (sec) | P19: Notitie (RIR/etc) | Q19: Sets*reps/gewicht/rust (sec) | R19: Notitie (RIR/etc) | S19: Sets*reps/gewicht/rust (sec) | T19: Notitie (RIR/etc)
B20: Oefening | C20: Rep target (of %RM) | D20: Rust target (sec) | E20: Week 1 | F20: Week 1 | G20: Week 2 | H20: Week 2 | I20: Week 3 | J20: Week 3 | K20: Week 4 | L20: Week 4 | M20: Week 5 | N20: Week 5 | O20: Week 6 | P20: Week 6 | Q20: Week 7 | R20: Week 7 | S20: Week 8 | T20: Week 8
A28: Dag 4 | E28: Sets*reps/gewicht/rust (sec) | F28: Notitie (RIR/etc) | G28: Sets*reps/gewicht/rust (sec) | H28: Notitie (RIR/etc) | I28: Sets*reps/gewicht/rust (sec) | J28: Notitie (RIR/etc) | K28: Sets*reps/gewicht/rust (sec) | L28: Notitie (RIR/etc) | M28: Sets*reps/gewicht/rust (sec) | N28: Notitie (RIR/etc) | O28: Sets*reps/gewicht/rust (sec) | P28: Notitie (RIR/etc) | Q28: Sets*reps/gewicht/rust (sec) | R28: Notitie (RIR/etc) | S28: Sets*reps/gewicht/rust (sec) | T28: Notitie (RIR/etc)
B29: Oefening | C29: Rep target (of %RM) | D29: Rust target (sec) | E29: Week 1 | F29: Week 1 | G29: Week 2 | H29: Week 2 | I29: Week 3 | J29: Week 3 | K29: Week 4 | L29: Week 4 | M29: Week 5 | N29: Week 5 | O29: Week 6 | P29: Week 6 | Q29: Week 7 | R29: Week 7 | S29: Week 8 | T29: Week 8
A37: Dag 5 | E37: Sets*reps/gewicht/rust (sec) | F37: Notitie | G37: Sets*reps/gewicht/rust (sec) | H37: Notitie (RIR/etc) | I37: Sets*reps/gewicht/rust (sec) | J37: Notitie (RIR/etc) | K37: Sets*reps/gewicht/rust (sec) | L37: Notitie (RIR/etc) | M37: Sets*reps/gewicht/rust (sec) | N37: Notitie (RIR/etc) | O37: Sets*reps/gewicht/rust (sec) | P37: Notitie (RIR/etc) | Q37: Sets*reps/gewicht/rust (sec) | R37: Notitie (RIR/etc) | S37: Sets*reps/gewicht/rust (sec) | T37: Notitie (RIR/etc)
B38: Oefening | C38: Rep target (of %RM) | D38: Rust target (sec) | E38: Week 1 | F38: Week 1 | G38: Week 2 | H38: Week 2 | I38: Week 3 | J38: Week 3 | K38: Week 4 | L38: Week 4 | M38: Week 5 | N38: Week 5 | O38: Week 1 | P38: Week 1 | Q38: Week 1 | R38: Week 1 | S38: Week 8 | T38: Week 8
A46: Dag 6 | E46: Sets*reps/gewicht/rust (sec) | F46: Notitie | G46: Sets*reps/gewicht/rust (sec) | H46: Notitie (RIR/etc) | I46: Sets*reps/gewicht/rust (sec) | J46: Notitie (RIR/etc) | K46: Sets*reps/gewicht/rust (sec) | L46: Notitie (RIR/etc) | M46: Sets*reps/gewicht/rust (sec) | N46: Notitie (RIR/etc) | O46: Sets*reps/gewicht/rust (sec) | P46: Notitie (RIR/etc) | Q46: Sets*reps/gewicht/rust (sec) | R46: Notitie (RIR/etc) | S46: Sets*reps/gewicht/rust (sec) | T46: Notitie (RIR/etc)
B47: Oefening | C47: Rep target (of %RM) | D47: Rust target (sec) | E47: Week 1 | F47: Week 1 | G47: Week 2 | H47: Week 2 | I47: Week 3 | J47: Week 3 | K47: Week 4 | L47: Week 4 | M47: Week 5 | N47: Week 5 | O47: Week 6 | P47: Week 6 | Q47: Week 7 | R47: Week 7 | S47: Week 8 | T47: Week 8
